title,date
N/A,2025-02-02
Toddler Time - Toddler & Preschool Event at SEA LIFE Michigan Aquarium,N/A
LEGO® Creativity Academy Event - LEGOLAND Discovery Center Columbus,N/A
We Are 25: Theatre by the Lake celebrates its 25th birthday with portrait photography exhibition,N/A
"Sabraton UScellular Invites Community to First Fridays Kick-Off January 3, 12 p.m. – 3 p.m.",2025-03-02
Creativity Academy Event at LEGOLAND Discovery Centre Toronto from Jan. 30 - Mar. 2,N/A
Jay Rosa Academy,N/A
LEGOLAND® Discovery Center New Jersey LEGO® DREAMZzz Event,N/A
Agency for the Lost by Serena Norr,N/A
Use it or lose it! Group physio at Whiston Parish Hall | Village Physio,2025-02-02
Kids Art & Yoga: Madhubani,2025-02-02
"Guides for Brides Wedding Fair at The Retreat Elcot Park, Berkshire on 2nd February 2025",2025-02-02
"Guides for Brides Wedding Fair at The Retreat Elcot Park, Berkshire on 2nd February 2025",2025-02-02
"In-person Free Coding Workshop For Kids at Barnet, UK (7-14yr)",2025-02-02
Quirky Wedding Fayre,2025-02-02
"In-person Free Robotics Workshop For Kids at Barnet, United Kingdom (7-14yr)",2025-02-02
Feb. 2 Creig Ewing presents,2025-02-02
YOU CAN SUCCESSFULLY RECOVER YOUR LOST CRYPTO WITH //ARGONIX HACK TECH,2025-02-02
Hot Chocolate Run Atlanta,2025-02-02
Grand Opening - The Bridge Church,2025-02-02
XTERRA MCDOWELL MOUNTAIN TRAIL RUN,2025-02-02
"Cath Lab Cases, Conundrums and Complications",2025-02-02
High School Quiz Show: Studio Audience Tickets - Feb. 2,2025-02-02
Baby & Childrens Nearly New Sale (Mum2mum Market) Halifax,2025-02-02
Ohio Women Vote: 100 Years of Change,2025-02-02
Dawn 'Til Dusk at Los Luceros,2025-02-02
The Opening - The Rothfuss Team Realty LLC,2025-02-02
N/A,2025-02-02
Paradise Market - Small Business Sunday,2025-02-02
Acrylic Landscape Painting Class with Marie Dyer,2025-02-02
"MoonPie Move Nashville 5K, 10K, and Half Marathon",2025-02-02
Discover the Orthodox Christian Church (English Language Services),2025-02-02
"The Plainville Record Riot! Sunday February 2nd! Over 10,000 vinyl records in one room!",2025-02-02
Winter Yoga at the Villa Terrace,2025-02-02
"Free Robotics Workshop For Kids at Indianapolis, IN (7-14Yrs)",2025-02-02
Charlotte's Biggest Open Air-Kite Festival 2025,2025-02-02
Your First Mud Run - Boca Raton (FL),2025-02-02
Richmond Anime-Fest,2025-02-02
Winter Yoga at the Villa Terrace Art Museum,2025-02-02
Sunday Morning Worship at St. Barnabas,2025-02-02
Coventry Winter Farmers' Market,2025-02-02
Charlotte's Biggest Open Air-Kite Festival 2025,2025-02-02
Sunday Morning Worship at St. Barnabas,2025-02-02
Lake Wales Architectural Tour,2025-02-02
"Free Robotics Workshop For Kids at Indianapolis, IN (7-14Yrs)",2025-02-02
"Free Robotics Workshop For Kids at West Lafayette, IN(7-14Yrs)",2025-02-02
Richmond Anime-Fest,2025-02-02
GSL Parish Hall Forum Memphis Guests starting February 2,2025-02-02
Creating Carmen,2025-02-02
"In-person Free Game Development Workshop For Kids at Sterling Heights, Michigan (7-14yrs)",2025-02-02
"In-person Free Coding Workshop For Kids at Ajax, ON(7-14yrs)",2025-02-02
"In-person Free Robotics Workshop For Kids at West Lafayette, IN (7-14yr)",2025-02-02
GatherNYC: ensemble132,2025-02-02
Weekly Demo Days,2025-02-02
Special Needs Swim Time,2025-02-02
"In-person Free Robotics Workshop For Kids at Ajax, ON(7-14yrs)",2025-02-02
Flea at Farm Fresh Market Hall!,2025-02-02
Cedar Creek Craft & Vendor Show,2025-02-02
The Morning After Brunch! 2025 Pro Bowl Edition,2025-02-02
Pedigree Stage Stop Sled Dog Race Stage 2,2025-02-02
Club Sandwich – Help Feed Your Community,2025-02-02
Overcome Your Fear of Public Speaking - Simi Valley,2025-02-02
Tulsa Anime-Fest,2025-02-02
LEGO® Creativity Academy Event at LEGOLAND Discovery Center Chicago,2025-02-02
N/A,2025-02-02
Yoga in the Gardens,2025-02-02
Scout Sunday Services and Chili Cookoff,2025-02-02
Sunday Brunch on the Farm,2025-02-02
Mosaic Art Classes The Villages,2025-02-02
"Free Robotics Workshop For Kids at Madison, Wisconsin (7-14Yrs)",2025-02-02
Holy Trinity’s 17th annual GREEK WINTER FEAST,2025-02-02
Sunday Brunch on the Farm,2025-02-02
Deep Funk with Mati Baz and George Aresti (1st Sun of each month) Free Entry,2025-02-02
CSF Pro Wrestling: SHOWDOWN!,2025-02-02
Bridal Bash North Shore at Hilton Boston-Andover,2025-02-02
2025 Lunar New Year Celebration,2025-02-02
Spirits of Seville Quarter Ghost Tour and Luncheon!,2025-02-02
Pensacola Back to the Future: Time Travel Adventure Tour and Scavenger Hunt,2025-02-02
Manzanitas!,2025-02-02
"2025-26 Academy A.R.T.S. Preschool Enrichment Program Open House, Feb. 2, 11am - 1pm",2025-02-02
"""Blooming Now"" at Jack London State Historic Park",2025-02-02
Beach Cabanas with Music,2025-02-02
Pet and Play Sundays with Best Friends,2025-02-02
"In-person Free Game Development Workshop For Kids at Olathe, Kansas (7-14yrs)",2025-02-02
"Hugs and Hike with the Herd, Goat Rescues",2025-02-02
"Behind The Picket Fence ""Vintage Market""",2025-02-02
Glow Snake Lunar New Year Celebration: 4th Cultural Fair!,2025-02-02
Dawn Cerny: Portmeirion,2025-02-02
"2025 Dallas / Fort Worth Quinceanera Expo February 2nd, 2025 at Irving Con",2025-02-02
Growth Hour - Practicing the Way,2025-02-02
N/A,2025-02-02
Algoma Boat Club's Cabin Fever Party,2025-02-02
Free First Sunday (February 2025),2025-02-02
"Public Reception Celebrating a Stunning New Biography of George S. Boutwell, Feb. 2, Groton Inn",2025-02-02
Disney's The Lion King,2025-02-02
Foil Figures in Action: Facilitating Conflict Resolution through Art with Dr. Judith Peck,2025-02-02
Sunday Shindig!,2025-02-02
"Free Robotics Workshop For Kids at Lethbridge, AB (7-14Yrs)",2025-02-02
In-person Free Robotics Workshop For Kids at Chesterfield MO (7-14yrs),2025-02-02
IWEP Digital Conference 2025 - Breaking Barriers . Building Bridges,2025-02-02
Afro/ Tribal house with MASAKA Africana,2025-02-02
St. Pete Central Ave Tour,2025-02-02
In-person Free Coding Workshop For Kids at Chesterfield MO (7-14yrs),2025-02-02
Glow Snake Lunar New Year Celebration: Chinese Variety Show,2025-02-02
Afro/ Tribal house with MASAKA Africana,2025-02-02
IWEP Digital Conference 2025 - Breaking Barriers . Building Bridges,2025-02-02
St. Pete Central Ave Tour,2025-02-02
Foil Figures in Action: Facilitating Conflict Resolution through Art with Dr. Judith Peck,2025-02-02
Reclaimed Love: A Journey of Liberation,2025-02-02
Leader Wedding Fair,2025-02-02
Goodnight Moon and The Runaway Bunny,2025-02-02
Brunch Dreams - The #1 Sunday Brunch and Day Party in NYC,2025-02-02
Pastor Installation,2025-02-02
A Turnpike Sunset by Tom Godleski,2025-02-02
Closest To The Pin,2025-02-02
"Feb. 2, 2025 - Lunar New Year Parade 2:00 pm",2025-02-02
Intrigue at the Museum: A Mystery Scavenger Hunt at ROM,2025-02-02
N/A,2025-02-02
"""Just Us""",2025-02-02
Before Brooklyn : the unsung heroes who helped break baseball's color barrier - with Ted Reinstein,2025-02-02
Osprey Cup,2025-02-02
Hayv Kahraman: Look Me in the Eyes,2025-02-02
Frederick Farm Goat Rescue & Sanctuary,2025-02-02
Funhouse Comedy Club - Comedy Night in Sheffield February 2025,2025-02-02
"Fauquier Community Theatre presents the comedy ""The Play That Goes Wrong"" Jan 31 - Feb 16, 2025",2025-02-02
"Live Steve Miller Band Music, Somatic Movement & Sound Bath",2025-02-02
"Authors Elizabeth Gonzalez James, Paul Tremblay, and Marjan Kamali Beer + Book Pairing",2025-02-02
Whitewater Recollects: High Schools,2025-02-02
Misery,2025-02-02
2025 Lunar New Year Parade,2025-02-02
Recent Acquisitions,2025-02-02
"""Feeling Big & Being Small"" Opening Reception",2025-02-02
Sunday Concert Series: Mozelle Andrulot,2025-02-02
Vibrance in Focus: Acrylics & Photography in Motion,2025-02-02
CASEC 2025 Lunar New Year Show,2025-02-02
God of Carnage,2025-02-02
Brunch Dreams - The #1 Sunday Brunch and Day Party in NYC,2025-02-02
"Fauquier Community Theatre presents the comedy ""The Play That Goes Wrong"" Jan 31 - Feb 16, 2025",2025-02-02
"""Feeling Big & Being Small"" Opening Reception",2025-02-02
"Nolan Tredway, Heather Hauptman, Jennifer Pettus, and Harita Patel",2025-02-02
"""Feeling Big & Being Small"" Landscape Art Groupshow Reception (with live music & poetry readings)",2025-02-02
Family Jigsaw Puzzle Race,2025-02-02
The Best Little Whorehouse in Texas,2025-02-02
N/A,2025-02-02
Ani-Mania All Ages Variety Show!,2025-02-02
The Hindenburg Disaster: Accident or Sabotage? with James Calaski,2025-02-02
Chuck Redd with La Lucha,2025-02-02
Orchestra Lumos - Mysteries of Identity in New Canaan Feb 2,2025-02-02
Agnes of God,2025-02-02
"The Return of Sinatra: A Man, His Music and a 20 Piece Orchestra",2025-02-02
Community Yoga,2025-02-02
ArtBar - Valentine Keepsake Cigar Box,2025-02-02
The Magnetica Sound Bath,2025-02-02
"Free@3 Presents: Harpfest 2025 with special guest Christopher Kantner, flute",2025-02-02
Mutts Gone Nuts,2025-02-02
Take Heart: A Celebration of American Heart Month,2025-02-02
"Live Music and Dance Sunday, February 2, 2025 from 1:30-5:00 at Las Palmas Grand",2025-02-02
How Black Mothers Say I Love You,2025-02-02
The Art of the Spoken Word: Using Your Voice for Fun and Profit,2025-02-02
Concert - Classic Waze,2025-02-02
Love Stories; A Storytelling Benefit for the Exeter LitFest,2025-02-02
"Aging Well: 2nd Annual Wine, Chocolate, & Cheese Tasting GCSS Fundraiser!",2025-02-02
Classical Hatha Yoga - Bhuta Shudhi prg happening in Sacramento,2025-02-02
Cosy Sheridan,2025-02-02
Furever Yours: Pet Portraits Benefitting Best Friends Animal Society,2025-02-02
"Aging Well: 2nd Annual Wine, Chocolate, & Cheese Tasting GCSS Fundraiser!",2025-02-02
Classical Hatha Yoga - Bhuta Shudhi prg happening in Sacramento,2025-02-02
Cosy Sheridan,2025-02-02
Crafternoon,2025-02-02
Love Stories; A Storytelling Benefit for the Exeter LitFest,2025-02-02
The Art of the Spoken Word: Using Your Voice for Fun and Profit,2025-02-02
Concert - Classic Waze,2025-02-02
Mosaic Puffin Workshop,2025-02-02
Nikki Z Live at Jake's Roadhouse,2025-02-02
Jazz in the City | Darrius Willrich,2025-02-02
"Speakeasy, Die Softly: Immersive Murder Mystery Dinner Theater at Carmine's",2025-02-02
Terry Sullivan Jazz Trio in concert with guitarist Gabriel Datcu,2025-02-02
S'mores on The Snowfront,2025-02-02
Songs of the Soul by High Plains Chamber Singers,2025-02-02
Film Screening: THE THINKING GAME (2024),2025-02-02
Paint with Penguins at Zoo Boise: Feb 2025,2025-02-02
Citizen Joy: Views of Democracy -- Table Talk with Social Practice Artist Beth Grossman,2025-02-02
Profs & Pints Northern Virginia: The Fire of Frederick Douglass,2025-02-02
Mayo Clinic Practical Neuroradiology: Excellence in Action,2025-02-02
Guided Fossil Tour,2025-02-02
Memphis Restaurant Association Food Festival,2025-02-02
Calapooia Brewing Sunday Blues Jam,2025-02-02
Galentine's Yoga Retreat - Preregistration,2025-02-02
TIFF: EZRA (2024),2025-02-02
"Guitar driven contemporary blues Australian born artist, Michael Charles & His Band in Lake Geneva",2025-02-02
"Acoustic Duo: An Intimate Night of Story Songs of the 70s by Gordon Lightfoot, Harry Chaplin & More",2025-02-02
Driving All Night: How to Raise a Kid and Survive as a Broke-ass Musican,2025-02-02
N/A,2025-02-02
Nordic Spa,2025-02-02
Chico Bean Comedy Night at the Hartford Funny Bone,2025-02-02
